scene_id,im_id,obj_id,score,R,t,time
51,1,12,0.9243865609169006,0.8608410325937307 -0.508497819291739 -0.01956232037631403 -0.22915604249349028 -0.35304331253942056 -0.9071096558078938 0.4543569354501825 0.7853600367008368 -0.4204395176022109,-53.00944872440819 -76.76117192840616 1043.411208865201,0.69
51,35,12,0.883399486541748,0.8596073282115064 -0.5103792780018604 -0.024253533173025754 -0.22717550814368836 -0.3392413223689772 -0.9128562941104175 0.4576751356417917 0.7902077687441751 -0.4075599985666163,-46.82292884904746 -58.43826941992717 1051.7611469929736,0.69
51,56,12,0.9355258941650391,0.8579148793949817 -0.5127463832448774 -0.03275982573200539 -0.22941869221706582 -0.3252457232227981 -0.9173779391214346 0.4597272271402959 0.7945479003776782 -0.3966667500954906,-57.05744921034875 -57.27555957890101 1059.2031397632718,0.69
51,83,12,0.893133819103241,0.8576720527691766 -0.5129116642553164 -0.036335582691741586 -0.24625487074015068 -0.34768819821785724 -0.9046941225943561 0.45139471478458687 0.7848786794727334 -0.4245094462714345,-65.27741424966877 -71.23673540471114 1055.2122437178898,0.69
51,100,12,0.9203218817710876,0.8589930392363011 -0.5098799545209768 -0.04640463900591324 -0.2574325473997585 -0.35178722747447844 -0.899985683288957 0.44256009996705936 0.7850275017879988 -0.43344247525322244,-62.9504211323859 -80.48757656711454 1055.002970011844,0.69
51,116,12,0.8688147664070129,0.8718962001802938 -0.48750785159482424 -0.04618561187820103 -0.25494684832780334 -0.3713849972860188 -0.8927907304170357 0.4180898475673442 0.7901957215932409 -0.4480977582368073,-52.148923262660375 -91.63473688559104 1056.0530774490173,0.69
51,138,12,0.9289538264274597,0.8862968888256034 -0.46029645283383264 -0.051039204212519645 -0.2525305594685156 -0.3879576880514293 -0.886406875433798 0.3882088888634243 0.7985086147252148 -0.4600846126714566,-37.36763768257445 -116.6704147607316 1062.230853710662,0.69
51,169,12,0.8674067854881287,0.8895233298317577 -0.4548711026565865 -0.04290134791592262 -0.2492221804284488 -0.40437042039857474 -0.8799845838929056 0.38293152190373614 0.793458784735957 -0.47306089085637515,-32.888967005039184 -111.30361723237769 1049.5106113417214,0.69
51,240,12,0.939947247505188,0.9332948240756181 -0.3590872870882699 -0.004134199468753291 -0.16869572641222458 -0.42823174270801756 -0.8877833780982307 0.3170213293201467 0.8292610534619607 -0.46024295971502527,4.217816586595258 -81.95794141806647 1064.000898026089,0.69
51,407,12,0.9372960329055786,0.9716490727939944 -0.23473323103898047 0.028255788514418928 -0.08334775200393553 -0.45191870908297127 -0.8881568738779607 0.22124925214441157 0.8606217465453577 -0.45867088178644755,4.977655037044831 -92.45415940733395 1082.7457480304108,0.69
51,515,12,0.929498553276062,0.985615347175572 -0.1688774033852227 0.006542938012972191 -0.06448487068154898 -0.4115732050344445 -0.9090925136370114 0.15621808110830426 0.8955936129314124 -0.4165429048865186,16.887782110949264 -77.14274617541781 1102.2202307216896,0.69
51,520,12,0.9520267844200134,0.9854169622902961 -0.1699926207222083 0.007477922877418455 -0.06614456843126987 -0.423178634195426 -0.9036286513980925 0.15677469980072117 0.8899563767176961 -0.42825149274918406,22.37005560438644 -78.32594832431263 1097.6701776055124,0.69
51,532,12,0.929434061050415,0.9890829430916768 -0.14651563643189097 0.015751189353973877 -0.04704155221520519 -0.4152316595551624 -0.9084986303062048 0.139649647512233 0.8978395386615718 -0.4175908748592161,26.748645418402873 -74.86916418470318 1096.6818815246636,0.69
51,546,12,0.9283817410469055,0.9916057827603848 -0.12787738897225684 0.019113999733252597 -0.03894544706932174 -0.436360584767822 -0.8989286357735274 0.12329324291596566 0.890638430257039 -0.4376779213080575,37.87045065572751 -76.27379703302906 1092.8590581221986,0.69
51,553,12,0.8692106008529663,0.9902633095060666 -0.1364612749621182 0.027511784416962386 -0.03218255485401993 -0.41669689200909255 -0.9084756371818845 0.13543581878203506 0.8987446915702346 -0.417031315808734,33.028837028613644 -73.623238398496 1095.6103827988115,0.69
51,571,12,0.9139758944511414,0.9922353283172857 -0.1211444114641425 0.02816176148778337 -0.023340289044418025 -0.4037720833570704 -0.9145618271111114 0.12216498739987361 0.9068032511369256 -0.4034644712748461,37.86716731042544 -67.24616314708906 1092.244359314796,0.69
51,582,12,0.9304084181785583,0.9957152938866113 -0.08895917610593197 0.02524516799019476 -0.011986614181443367 -0.39486640426701736 -0.918660352829979 0.09169173681834472 0.9144215591114364 -0.3942408370925634,39.70005544519984 -46.85437494965878 1088.748333852855,0.69
51,601,12,0.9392778277397156,0.9929990633621453 -0.11095332491803163 0.04052431185764685 -0.009528928960387359 -0.41719657493954787 -0.9087663161515057 0.11773724845931302 0.9020179474646522 -0.41533307450392876,45.16320600998606 -54.666086489723455 1080.923079129579,0.69
51,611,12,0.9530996084213257,0.9912652335524387 -0.12263093678121072 0.048527209835225 -0.005416154373985779 -0.40549794688125007 -0.914079909169263 0.13177215951037008 0.905832803788455 -0.40262020510491037,43.521151492553685 -58.5305794447696 1083.569914112219,0.69
51,618,12,0.9498445987701416,0.9944471944220717 -0.09153595751342969 0.051922499825891796 0.009624525507637545 -0.4122121933548111 -0.9110370333627327 0.10479573471674776 0.9064779512661716 -0.4090422690303064,43.01051941029173 -63.87337757834489 1071.4695798113028,0.69
51,636,12,0.891070544719696,0.9975454782486446 -0.05099747882422691 0.047982038089845414 0.020814867108856855 -0.4383013121689854 -0.898587058140827 0.06685626472458267 0.8973801964075862 -0.43616398632000597,49.63857217307605 -52.42795872151221 1052.1581786694162,0.69
51,637,12,0.8849139213562012,0.9949352736270533 -0.0829123650541598 0.05682729110019524 0.01775441043599732 -0.411501770731439 -0.9112360142108962 0.09893726397435265 0.9076297881879021 -0.40794556670131055,50.18816469259201 -52.07043005246918 1059.9892203775225,0.69
51,649,12,0.9190940260887146,0.9951971887793463 -0.07345178536035629 0.06471005078859421 0.027007050216399046 -0.42937031287415217 -0.9027246278134665 0.09409131035486323 0.9001366394329967 -0.4253244122619533,35.40871536223707 -59.1264190540687 1052.0175509255637,0.69
51,654,12,0.9429630637168884,0.9943320783425609 -0.0821737908077632 0.06746247907722686 0.02727860611556084 -0.4161069667691839 -0.9089064142443609 0.10275989308750463 0.905595086288807 -0.4115069186079541,37.87198201375049 -58.83156301132652 1054.2521947178109,0.69
51,669,12,0.9351111054420471,0.9967158727569599 -0.0539061415755477 0.06042844441791232 0.032626464736693214 -0.4156546966193033 -0.9089371193746577 0.07411465977198456 0.9079236207296032 -0.41253086687923246,43.548846446433885 -46.989693875261906 1046.9354645772041,0.69
51,672,12,0.9129447937011719,0.9981453161796852 -0.026544237957702235 0.05478440672126807 0.03951629289267301 -0.4020445077196868 -0.9147670066243401 0.04630756293065877 0.9152352797197449 -0.4002499123944232,48.285577657445536 -46.36910299643159 1051.11245977025,0.69
51,675,12,0.8593583106994629,0.9978071514929464 -0.029963068558434322 0.05901781893712216 0.04304650509377486 -0.38355837953422056 -0.9225128551344388 0.0502780949195968 0.9230304350408198 -0.3814274887309652,51.45869369707223 -49.72645012587958 1054.5597429385186,0.69
51,681,12,0.869652509689331,0.9955336859154934 -0.07083911566346947 0.06240592840050878 0.025831736272241213 -0.4314073285412994 -0.9017873575749559 0.09080419378350986 0.899371745482855 -0.42765063056009844,50.52856258509001 -51.160339684509 1038.677923647903,0.69
51,685,12,0.8770892024040222,0.9976436280907022 -0.02952181387743212 0.06193265564633013 0.045166914425916305 -0.3968833536465832 -0.9167570852954907 0.051644372116065124 0.9173941716097982 -0.39461473961968285,49.903756374530985 -49.1432222555612 1041.065893205682,0.69
51,694,12,0.9229120016098022,0.9978913754689485 -0.025730335701735264 0.0595881916940438 0.0446987731104556 -0.3932404014526749 -0.9183485211768782 0.04706190016467795 0.9190755880176641 -0.39126109065798365,46.18576042644732 -49.191372902083 1039.4842802499802,0.69
51,698,12,0.9449121952056885,0.99820318339076 -0.02300999683659837 0.05532580513768071 0.04096450851800011 -0.41179158438951013 -0.9103568531448839 0.04373000926631026 0.9109875032466453 -0.4101090772197218,45.69820297270559 -54.722775783037534 1035.908540157686,0.69
51,780,12,0.9486919045448303,0.9965273226218889 -0.05073711270208537 0.0660230313050349 0.04029819789280401 -0.39999355363544975 -0.9156315920154118 0.07286529019116122 0.9151125080801491 -0.3965598908621717,39.669780742156895 -53.540001602026294 1007.9727101634973,0.69
51,946,12,0.7882035970687866,0.9959367658592884 0.07232290231369433 0.053659632971767346 0.07611080207390376 -0.35748779538859954 -0.930811270857775 -0.04813630872229403 0.9311132444279392 -0.36153979287689686,62.18524880237761 -61.67469748109943 955.7064173511293,0.69
51,1038,12,0.8355602622032166,0.9927862159207079 0.11186104309909348 0.04315827284106946 0.08025700447146794 -0.3525817618531488 -0.932333049098763 -0.0890749275111028 0.9290711534889632 -0.3590159453890307,76.78192104190629 -59.20786263062951 928.2258370512149,0.69
51,1045,12,0.8331114649772644,0.9897779762348424 0.13494239036012398 0.04615310438481451 0.08802042455861289 -0.32337241852527376 -0.9421691375743727 -0.11221391456045546 0.9366006781019388 -0.331944584468564,76.18501325807698 -60.6363792950702 935.2561359623726,0.69
51,1057,12,0.8531322479248047,0.9952160096704569 0.08648896076084135 0.04543956164096123 0.07385317862596526 -0.3615093623366785 -0.9294389108218837 -0.06395937853399092 0.9283483401231662 -0.366167389711465,75.22564179346828 -67.16015640597513 923.189737559632,0.69
51,1063,12,0.8565822243690491,0.9923660895289799 0.11583543668694812 0.042328429695712044 0.08045190466298205 -0.3479073365288339 -0.9340706484123732 -0.09347211022042484 0.9303454394991985 -0.354570624578495,76.32198812430144 -66.62117381086125 922.0759389194269,0.69
51,1076,12,0.8459750413894653,0.98920446905442 0.1437821761463108 0.028305551140972468 0.07727206373898071 -0.34766728735918173 -0.9344284271498954 -0.12451323852619792 0.9265280045001013 -0.3550243798794368,77.95819543288046 -56.26243107750837 916.2440979814517,0.69
51,1080,12,0.837216317653656,0.9935920111182532 0.1078513154490823 0.03380841903856832 0.06792477308488135 -0.33069595001992425 -0.9412897608291441 -0.0903390316715442 0.9375544156988022 -0.3359026301777428,76.57562766792886 -59.740336859639775 920.5544479320798,0.69
51,1091,12,0.796197772026062,0.9940952612599462 0.10494063567911474 0.027605697306583757 0.060549034000060425 -0.325338156300923 -0.9436571933368472 -0.0900467990668127 0.9397566424548323 -0.3297711736035178,63.418538998486916 -66.26745076948677 923.6963312931507,0.69
51,1092,12,0.794989824295044,0.9916860719165773 0.12705126768117045 0.020413479548491556 0.06254519659522997 -0.3372672173940945 -0.9393289745632831 -0.11245813954326801 0.932796226113642 -0.3424096485185759,63.85325983995306 -67.53680220506058 918.2012068169422,0.69
51,1110,12,0.8046765923500061,0.9920411866989332 0.12007363728791731 0.03790257935051426 0.07387564697191568 -0.3112860485361115 -0.9474404386404747 -0.10196407542587362 0.9427000146468778 -0.3176790986315017,55.797000075495085 -69.47116593924906 923.5730579273788,0.69
51,1111,12,0.8020589351654053,0.9956341888194209 0.08735425087228078 0.03289068117926895 0.061431129849226926 -0.3479346407025865 -0.9355039829335893 -0.07027644227862638 0.9334402608917748 -0.35178189408631333,55.493884987962126 -70.40787290661574 918.3983147398184,0.69
51,1149,12,0.8785829544067383,0.9924455361031024 0.11682446423294686 0.037468685935198656 0.07918856003054149 -0.37671029309993265 -0.922940153548892 -0.093707149296705 0.9189349267653547 -0.3831156098900661,49.30240041850146 -75.86473250300716 906.5501949668595,0.69
51,1150,12,0.8739106059074402,0.9932058646929727 0.10899575635020714 0.04076806884230168 0.0765962090841269 -0.3485673816459849 -0.9341487040115205 -0.08760782552617709 0.9309246508445831 -0.35454782943414886,49.788842732285836 -74.8601389128281 912.8460511027193,0.69
51,1160,12,0.8624322414398193,0.993099898917462 0.10595671756680167 0.050256987301227796 0.08221605442783372 -0.32346649975463104 -0.9426610970708438 -0.08362482385300571 0.9402885714178155 -0.32994589146797626,49.23442315607413 -75.26735915752714 919.1024011333814,0.69
51,1182,12,0.8606587052345276,0.987648391723992 0.1540131799666135 0.028820040277272016 0.08019876295431776 -0.33888095602023305 -0.9374048517409168 -0.13460613933104693 0.9281377257947145 -0.3470468977112551,70.23283950831944 -69.59375406086437 906.1669752210053,0.69
51,1220,12,0.8147222995758057,0.9888900241623624 0.14230840081493637 0.04295159100263731 0.08274470974204265 -0.28693853864378926 -0.9543686855983236 -0.12349021468062774 0.9473196894916003 -0.2955259257318559,72.8103602582305 -55.361461693453684 915.9294504141644,0.69
51,1528,12,0.7814014554023743,0.9806205419090122 0.19587779428066707 -0.003904163651281878 0.0640959045648101 -0.33958613418130135 -0.9383884976329461 -0.18513526893624044 0.9199527961692054 -0.34556010333423326,59.03572017819454 -73.30348810940686 899.9670135786167,0.69
51,1536,12,0.7818671464920044,0.9795940554623395 0.20092826980525852 -0.0048287571809207674 0.0607379089187669 -0.3188491596225551 -0.9458573464472144 -0.19158912527338975 0.9262629452812281 -0.3245467043060548,59.780252914482375 -72.06823005832493 894.4533190447938,0.69
51,1545,12,0.7570211887359619,0.9769710778613913 0.21319971227800483 -0.008567129444998586 0.056946290699915525 -0.2992260639797897 -0.9524814342603657 -0.20563227615788365 0.9300589472284747 -0.30447614304307846,62.42593695013378 -60.79603126231203 891.5878930267261,0.69
51,1566,12,0.8773185610771179,0.9762903444401543 0.21644207443936747 -0.003160975372906716 0.07016104954868824 -0.3302175033032768 -0.9412936989263112 -0.2047793702479606 0.9187541721943546 -0.33757396314928534,68.59006391600548 -64.51650861163813 881.4417299332769,0.69
51,1571,12,0.8903725743293762,0.9739242562784626 0.22686354842611575 -0.0021150479793540927 0.07043487187396999 -0.31121225993834534 -0.9477266789998927 -0.21566286619754677 0.9228650278667946 -0.3190762737714601,71.80475103792209 -62.130755718924 882.0277999508056,0.69
51,1584,12,0.8822694420814514,0.9711457659845371 0.23804159816423043 0.014563610600595758 0.09044494410140114 -0.31111020427323854 -0.9460603325811513 -0.22067082565849333 0.9200796912987935 -0.32366301667431197,74.7748371732138 -68.95236296229612 882.1412351546868,0.69
51,1588,12,0.9028748869895935,0.9678053910457572 0.2513318077272051 0.013603216066210344 0.09386124258694548 -0.3102295204538781 -0.9460167608340729 -0.23354398344381166 0.9168369359180139 -0.3238321181317019,74.55436309668995 -75.55105286545485 880.4062899729458,0.69
51,1603,12,0.8627090454101562,0.970084718560801 0.24220567640951668 0.01649391190166774 0.10806169861466973 -0.36997260622216666 -0.9227366579570198 -0.21738976081527797 0.8969150912768646 -0.3850779283891639,83.38700882278933 -88.27502345306063 861.4386331365015,0.69
51,1611,12,0.9009028673171997,0.9704557733978058 0.24031158247974188 0.021585532306358915 0.11899717293623223 -0.3988773046740488 -0.9092505532850397 -0.2098934603841937 0.8849560662213964 -0.41568918213720774,79.27431228503052 -92.06778116351133 853.3560473284657,0.69
51,1617,12,0.8990062475204468,0.967846570152554 0.25063824131360923 0.021295272601175586 0.12198883899144083 -0.39364986694610526 -0.9111303449094615 -0.21998122602953576 0.8844321648631596 -0.41156774162950116,78.1638194080586 -93.38318532099471 849.6541850421669,0.69
51,1628,12,0.8297908902168274,0.9666899717874928 0.2542249124022525 0.029668035991001693 0.12487606129323175 -0.36727998231949743 -0.9216894183526676 -0.22341993590856063 0.8946927453050331 -0.38679248148995593,89.90227668980846 -81.00194959495526 848.4947646777912,0.69
51,1629,12,0.8393043279647827,0.9702832853903757 0.2402622799278864 0.0287120695163679 0.11883991263962124 -0.369807858149652 -0.9214766536459696 -0.21077813277440804 0.8975055347431685 -0.3873711319258486,90.6917093334478 -80.1201331223814 852.5393812830835,0.69
51,1645,12,0.8714118599891663,0.9625746228858065 0.26997839588354955 0.023701500635882472 0.12795869113800712 -0.3756390213874716 -0.9178899165876651 -0.23890723877374545 0.8865703533094302 -0.39612667152603653,99.63178555042566 -82.2819013545632 846.9643205346606,0.69
51,1650,12,0.8743159770965576,0.9696969532437012 0.24354102998494032 0.019380030540678106 0.1146077386800668 -0.38340183685564466 -0.9164431775785989 -0.21576117608254905 0.8908932585947614 -0.3996952797893456,101.99308418004743 -83.0035026340355 842.459447624966,0.69
51,1673,12,0.8915082812309265,0.9588983236250702 0.28365087627430996 -0.0074956879501616724 0.10767158298462012 -0.3881768543641142 -0.9152734891569663 -0.26252777979980735 0.8768471418239312 -0.4027632737832316,128.03617815849316 -83.00743433376786 828.1875093187149,0.69
51,1674,12,0.8936612606048584,0.9568812769069334 0.2904728406381432 -0.001936687007372373 0.11304532537139289 -0.3785211676200906 -0.9186634204512552 -0.2675798503561742 0.8788328933961971 -0.39503641499010733,129.97328864464941 -82.16197317806744 829.2034473455243,0.69
51,1687,12,0.8487277030944824,0.9518588134186804 0.3065349088687054 0.0010718964671593 0.1253922654500742 -0.3861751568557803 -0.9138629700303608 -0.27971696245040256 0.8700029298067152 -0.40602133323909473,129.50014680188735 -86.13666408918935 822.8463569582768,0.69
51,1693,12,0.8803811073303223,0.9578651653055946 0.28719202686251993 0.0038813400628645023 0.12052410608466792 -0.38964173710614447 -0.9130461415270305 -0.26070723991975686 0.8750428883269118 -0.4078378092353854,130.42465301441837 -83.08305628355852 821.2190279336103,0.69
51,1698,12,0.8852161765098572,0.9520349827659897 0.30593457944075403 0.005781409185542874 0.1293856576644456 -0.3853683563389094 -0.9136468582134929 -0.27728819516975584 0.8705718023431821 -0.4064677032489088,131.40835862748142 -80.36568919735471 818.8536643543248,0.69
51,1699,12,0.8822309970855713,0.9558208099329226 0.2938538642161169 0.007515702523897633 0.12355754996626186 -0.37843432534945065 -0.9173445335552181 -0.2667210361885738 0.8777456168404157 -0.39802326687259293,131.54714891873041 -80.01658274942304 820.3234655194658,0.69
51,1700,12,0.8775738477706909,0.9586815807377045 0.28433316277072673 0.009180375975504113 0.12076961998739429 -0.377554654887156 -0.9180779822330678 -0.2575739226753294 0.8812531617655825 -0.39629350137973196,131.47309568114596 -79.22317200029921 823.1678717398377,0.69
51,1708,12,0.8499687910079956,0.952662840354653 0.30402101089298655 -0.0021765897664783596 0.1298558720924568 -0.4133613567509795 -0.901260140707497 -0.27490173715441024 0.8583144025825248 -0.4332729177191803,134.0767432181722 -83.267283848365 812.0479356180263,0.69
51,1709,12,0.8530022501945496,0.9488675102094626 0.31567190809767526 0.0013017322567603073 0.13019709736184365 -0.3875918130978484 -0.91259043511209 -0.28757462319795535 0.8660968957671514 -0.408872844824719,134.52643880466343 -83.57371374107538 810.4259225210001,0.69
51,1715,12,0.8621702790260315,0.9474493355509646 0.31987736303238323 0.004269564788683011 0.13050837468887852 -0.37430057435425734 -0.9180776896178998 -0.29207416986118984 0.8703893109738438 -0.39637750521740633,133.3358258843619 -81.75564013780527 811.1626238272097,0.69
51,1717,12,0.8696563839912415,0.9482059471029984 0.3176550521470721 0.0008658660095797466 0.1303463620604879 -0.3865975597775817 -0.9129907735961057 -0.28968139011006877 0.8658161436583752 -0.40797928575411535,131.26018614108918 -80.36935898335666 807.7648300303962,0.69
51,1729,12,0.8723357915878296,0.9478939342940824 0.31837741985439516 0.0115285669249941 0.13607772262928916 -0.3718892909727378 -0.9182489905596527 -0.2880623938186172 0.8719714294554914 -0.39583567737236036,132.3460189570818 -70.73123663666789 809.35998451407,0.69
51,1927,12,0.7813718914985657,0.9921282922393094 0.12452314197651512 0.01324533316335106 0.06430526858401753 -0.41585449609041936 -0.9071548216890659 -0.10745363730767274 0.9008657087455822 -0.4205885051159519,49.57703529637023 -88.20688216198981 742.0126456158448,0.69
54,1,12,0.7413219213485718,-0.9629600119146509 -0.2654024807886787 0.04763967510963242 -0.18505775830230245 0.5219872287297344 -0.83263615050944 0.196116397951479 -0.8106114088971776 -0.5517676161395035,-122.32799159338579 -49.553130543566674 938.7976459821449,0.69
54,22,12,0.7233946323394775,-0.9498474683233278 -0.3076208254321391 0.0562068917501643 -0.2155453191838589 0.5138215492553863 -0.8303780048259486 0.2265612550673518 -0.800847578057925 -0.5543583267355714,-100.4185163941752 -55.879435825819236 945.4050751375255,0.69
54,32,12,0.7756830453872681,-0.9396462175174154 -0.33115035655668223 0.08604898173480163 -0.24495738626062502 0.4755229368592061 -0.8449105369429111 0.23887416105886583 -0.8149953238351602 -0.5279410547639247,-93.78760126867209 -39.474624738696065 952.9213902404721,0.69
54,38,12,0.6738202571868896,-0.9492885617206375 -0.3015192075292365 0.08909205395154474 -0.23823822806142642 0.5049185438398553 -0.8296383614423768 0.20516767112904394 -0.8087913399496691 -0.5511467999960658,-103.21597048049559 -58.443391082272385 961.4696466134903,0.69
54,43,12,0.7449739575386047,-0.9482615643347727 -0.3056784250770484 0.08579455721539542 -0.24330628281475503 0.5260550897699945 -0.814903733744023 0.20396582642255756 -0.7936162441441699 -0.5732113036937296,-108.17644592935252 -85.92081830363276 961.3151786158597,0.69
54,50,12,0.8406977653503418,-0.9344653116230193 -0.3483563317842088 0.07363726963396107 -0.2518443932056257 0.5004804332543005 -0.8283077553303954 0.25169223862523976 -0.792569998192865 -0.5554131930197355,-113.46047486453303 -86.16704093201822 953.3130327803591,0.69
54,56,12,0.8340905904769897,-0.944495918594692 -0.31893168574762926 0.07880380437608826 -0.238663393195258 0.5012793580617362 -0.831720379652765 0.22575926228284637 -0.8043640873431566 -0.5495736260830899,-126.62426069089022 -76.75504956538151 955.2547700826875,0.69
54,63,12,0.8657516837120056,-0.9319689718225428 -0.3556955342304075 0.0701036553153824 -0.2588569145024476 0.5174946720418991 -0.8155932578329225 0.25382461144322765 -0.7782544258382297 -0.5743632259197158,-108.57666644381892 -91.16455850086446 955.4957431478188,0.69
54,69,12,0.8189879655838013,-0.9188623251235037 -0.3862643716494834 0.0805720960560086 -0.2757593835895838 0.48258354828039296 -0.8313061297087845 0.28222117183323026 -0.7860743947765603 -0.5499438662679521,-102.63187302591494 -91.39182072920691 953.6262171690765,0.69
54,81,12,0.8678196668624878,-0.8867658603265749 -0.45167571062266115 0.09815987669503 -0.31772580554077995 0.44141331436368825 -0.839168992751714 0.33570317462414906 -0.775334339711571 -0.5349392864721101,-62.06339941377498 -68.62590764804405 965.5255147610438,0.69
54,86,12,0.7722185254096985,-0.8772289625500262 -0.4689461755628317 0.10275617591365685 -0.3265084811652511 0.425882445800695 -0.8438106150588406 0.3519397093119294 -0.7737658733646838 -0.5267113196292847,-67.1034818972406 -62.821230126369585 961.5225684520137,0.69
54,90,12,0.8826583027839661,-0.8841347324895059 -0.45576777246479977 0.10286647844747303 -0.3276150541048904 0.4477578024014107 -0.8319743546002539 0.33312783001358454 -0.7692780303447732 -0.5451946082815811,-71.22209736278612 -72.31971064089385 964.7552847423187,0.69
54,135,12,0.872562825679779,-0.8770059088400668 -0.4719074982038926 0.09035457375557479 -0.31287945676657664 0.4181855576277016 -0.8527762220682868 0.364646515673824 -0.7761598756252164 -0.5144013667131806,-69.88043559730305 -76.20677769369041 1059.2557352916288,0.69
54,202,12,0.9246293306350708,-0.878581274649322 -0.4700092761036834 0.08477160026839364 -0.2919691177508376 0.3881119951004889 -0.874141357870062 0.37795367191677126 -0.7927549177618577 -0.4782161250407815,-67.86735219509116 -62.89967942964282 1132.8746818303189,0.69
54,390,12,0.8753662705421448,-0.8403975469696623 -0.5350894126180584 0.08608881199921195 -0.3116297065895802 0.3471287839050201 -0.8845272937312415 0.44341728543017656 -0.7701823991034092 -0.4584759351296974,-70.70259110306989 -60.26280357536682 1070.7508017580137,0.69
54,479,12,0.9245752096176147,-0.7747633193830596 -0.6256213743000419 0.09132193032054317 -0.3717240336057248 0.3338975497151091 -0.8662180263271692 0.5114323433049901 -0.7050605096820933 -0.49125007471591675,-41.860634567526596 -94.13289153052983 998.2713724159529,0.69
54,514,12,0.9165241718292236,-0.7573108350152877 -0.6466117215212097 0.09150727162266967 -0.39597333798410844 0.3432321732663256 -0.8517022900289737 0.5193124442704704 -0.681237812240522 -0.515974445490837,-22.59812093320894 -103.32148653022956 963.5904803873029,0.69
54,520,12,0.9113299250602722,-0.7560456131058859 -0.6479628569099103 0.09240761315223403 -0.3788206458168721 0.3180653307154483 -0.8690968666953993 0.5337508306375119 -0.6920827851218521 -0.48593360588844536,-19.12372362490226 -100.6570070830248 964.3994445014222,0.69
54,524,12,0.9132662415504456,-0.7597762969895916 -0.6431229907595205 0.09556567003539365 -0.3897694224672038 0.33287642327279954 -0.8586460761796391 0.5204034740875262 -0.6896275122017956 -0.5035812929130667,-23.21438885005319 -100.59462337587132 956.7617971003655,0.69
54,530,12,0.8662986755371094,-0.7509186680043634 -0.6532029218111813 0.09719617780493486 -0.3880853333672535 0.3173927355499302 -0.8652465691612766 0.5343322263047406 -0.6874502122753819 -0.4918346038809709,-28.834483454262152 -95.2404970139714 949.5828225917472,0.69
54,537,12,0.7181798219680786,-0.7507018558286145 -0.6561262238880309 0.07710448743041853 -0.37358359815556474 0.32535174684214374 -0.8686665275097845 0.5448688088380684 -0.6809145461459898 -0.48936015571579294,-28.465117918847866 -80.25404555617911 941.5013497568928,0.69
54,543,12,0.8443776369094849,-0.7479774441043257 -0.6581196079453107 0.08607162569088164 -0.37875541355796427 0.31673844687463004 -0.8696097360149451 0.5450450254902764 -0.683048561896852 -0.48617957822079116,-25.78488231307243 -74.15044985455536 941.6022838283676,0.69
54,560,12,0.7502759099006653,-0.7458606861231276 -0.6587155656983859 0.09892239585954277 -0.3872197707163101 0.30793908085307387 -0.8690422151137261 0.5419895626876451 -0.686489130278127 -0.4847473444461923,-19.252982653534815 -69.06754758213062 931.634563759516,0.69
54,561,12,0.7469452619552612,-0.7518204423891892 -0.6518112315249956 0.09953964468287138 -0.38527904208214603 0.3117560985194969 -0.8685437207004411 0.5350944609487074 -0.6913394632839719 -0.4855138148067901,-19.55399552155626 -68.73034551991319 934.992350744282,0.69
54,568,12,0.6927295923233032,-0.751491219610495 -0.651627539239185 0.1031624784183455 -0.3926385777153019 0.31607922340751515 -0.8636717384630616 0.5301847735818486 -0.6895472968804871 -0.4933848712990474,-30.688998686366357 -68.84671854216998 923.7902248958222,0.69
54,577,12,0.7452945709228516,-0.7766616316997397 -0.6206036408505351 0.1079251166715077 -0.3766563867305272 0.3202051224758682 -0.8692517735819225 0.5049026402987036 -0.715765185310989 -0.4824453578552952,-37.86595472731955 -67.09871119502232 923.0354699139709,0.69
54,583,12,0.764922022819519,-0.7829210177203687 -0.6140819596248922 0.09968965279784528 -0.37560438407382163 0.3388382694204901 -0.8626180926926195 0.4959395393354191 -0.7128057056725765 -0.4959354789530519,-40.59929372915475 -66.50039150431721 919.359065779724,0.69
54,588,12,0.7758244872093201,-0.786693510271832 -0.6096400430446332 0.09722313928649431 -0.3600118658687396 0.32511063327186784 -0.8744681426828961 0.50150251976425 -0.7229398965682438 -0.47524007472014107,-40.31921122601418 -62.863411084574146 918.1035970655091,0.69
54,589,12,0.7814385294914246,-0.7950532510517814 -0.5993115446815444 0.09335952229641445 -0.34766007722585623 0.3241555496194626 -0.87980432503723 0.49701388179336115 -0.7319486676416083 -0.46607762147776377,-40.26558535538831 -61.83159492881299 916.7716312455088,0.69
54,595,12,0.7771539688110352,-0.8094525968421147 -0.5802193609461134 0.09017752851370803 -0.33594642092613225 0.33166105108665955 -0.8815559820334805 0.48158747464243584 -0.7438725968708458 -0.46338651673537634,-40.65649981485465 -58.12282492634056 919.5498678749121,0.69
54,598,12,0.8080742955207825,-0.7955006961369187 -0.5989638438983385 0.0917657678451198 -0.35104169874715996 0.33209679261908176 -0.8754892609694461 0.49391129586838345 -0.7286659275927793 -0.4744445149635188,-41.08560038439292 -55.88542862802805 913.4938139681087,0.69
54,604,12,0.846071183681488,-0.8138802667521863 -0.573246566935192 0.09480129159672473 -0.34249217523910386 0.3415155066892148 -0.8752521171587054 0.4693591602295388 -0.7448191271629815 -0.4742851953422089,-44.14013094911195 -51.28918389448709 913.0349492104298,0.69
54,681,12,0.6633468270301819,-0.9137665542667457 -0.3939236580691079 0.09927152621437593 -0.26374913363933306 0.38941218814958645 -0.8824933666748167 0.3089774729781771 -0.8325757018638029 -0.45972885689068543,-95.02694894564341 -46.2372430338244 911.3802449523356,0.69
54,741,12,0.7140868902206421,-0.9490651320676271 -0.29731262557553917 0.10431000798982257 -0.22503849307581736 0.4079109483200176 -0.8848538494434147 0.22052902695024731 -0.8632577024933187 -0.4540408432711025,-86.20197726799026 -33.55014988416838 902.8919425792408,0.69
54,866,12,0.5767157077789307,-0.9706482924858841 -0.23028191135818743 0.0693695437166515 -0.1543916650736234 0.37547140132163914 -0.9138842599286621 0.1844047343482011 -0.8977702757892936 -0.4000042823010581,-65.39018130071122 -24.644890432219203 912.802849396062,0.69
54,1012,12,0.6092813014984131,-0.9783423291814763 -0.19052352689502966 0.08091398291545426 -0.14876445610054517 0.3753756213381857 -0.9148564256243052 0.14392853620068702 -0.9070798909712694 -0.39558898855084124,-38.005667671373935 -22.45571951272719 896.0724340645089,0.69
54,1024,12,0.5585198402404785,-0.9722790928569651 -0.21599193037614345 0.08955920726326369 -0.17085441757166514 0.3947761070722412 -0.9027516786365636 0.15963124252314806 -0.8930281693750054 -0.4207357307303985,-5.753429622975036 -25.423497066966075 886.1478740783476,0.69
54,1025,12,0.5114552974700928,-0.9782370085043324 -0.18480587805624224 0.09433526715050328 -0.16337186447152477 0.40574343200563623 -0.8992674247871907 0.12791399099235876 -0.8951084039490128 -0.42710532200882034,-3.1920118882439157 -24.34350329164146 883.8924403113704,0.69
54,1028,12,0.6461455225944519,-0.9771488241633786 -0.19055257335985018 0.09418010523495106 -0.15947772378752365 0.3643166784383832 -0.9175185084929753 0.14052412978445322 -0.9115717605309868 -0.38638050462045803,-0.5812803845085668 -17.941756060725826 891.4392577212751,0.69
54,1029,12,0.6480602622032166,-0.9802014085065158 -0.17514812670365992 0.09234897115854335 -0.15555315931416402 0.39259769120865196 -0.9064602955921557 0.12250882984187339 -0.9028788327177877 -0.41206965435583864,-0.0738533896949578 -17.5005958964193 886.3725011212265,0.69
54,1032,12,0.59112149477005,-0.9812437137785524 -0.16749214573937982 0.09543141665978541 -0.1557967403512977 0.39749829256094427 -0.9042800910708167 0.11352598762391605 -0.9021870585010364 -0.41613743115377466,1.4673037858982019 -16.36004539689049 884.9186908024357,0.69
54,1033,12,0.5554830431938171,-0.9795103139996719 -0.17682131350680422 0.09640419004376125 -0.16336944123668765 0.41769963964721446 -0.8937770620846117 0.11777083865829285 -0.8912133493885266 -0.43802830437473683,1.0292253338603086 -17.175325754600586 878.5228663619753,0.69
54,1039,12,0.5468883514404297,-0.984448945821849 -0.13758456750723216 0.10922801771568579 -0.15861212808345973 0.42886525314303503 -0.8893350254383309 0.07551467337601654 -0.8928298166114349 -0.4440185274000459,-8.02865695922042 -25.369571394443597 877.396854423789,0.69
54,1042,12,0.548724353313446,-0.983852163898296 -0.14373049584112152 0.10666050889577562 -0.15734887714513235 0.4105642787153857 -0.8981527174729702 0.08530094052123065 -0.9004324059073954 -0.42655038616558905,-14.334200088299859 -28.03188467997972 881.2901457529437,0.69
54,1063,12,0.62791907787323,-0.9938480540226804 -0.04954581187466696 0.09905179473897699 -0.11074657460576702 0.4535813351476523 -0.8843071687025741 -0.0011143286865192836 -0.8898366057492542 -0.4562779562286847,-44.424182159275375 -38.804934986664804 871.4276984615514,0.69
54,1068,12,0.6374053359031677,-0.9941587397680798 -0.0530487828146962 0.09399056753005734 -0.10774258079353798 0.43681967966984137 -0.8930734033309272 0.006319527410417705 -0.8979835154918024 -0.4399837150148771,-48.43112135129095 -43.67655187372379 876.5657874668578,0.69
54,1080,12,0.6382585167884827,-0.9946336091811454 -0.04807778213627694 0.09161064540841066 -0.10340025238876788 0.4318351550762788 -0.89600601931359 0.0035172849227725206 -0.9006702646946346 -0.4344890136720023,-54.046887897489526 -48.04834087924375 875.966512794814,0.69
54,1083,12,0.637127161026001,-0.9958724774385082 -0.015898549716127218 0.0893601969414336 -0.08714786947272146 0.44260768121622396 -0.8924705537858171 -0.02536252209172963 -0.8965744122187078 -0.442166332761581,-55.866326507102386 -49.88564716673421 878.2679809457209,0.69
54,1089,12,0.6645764112472534,-0.994449370016316 -0.04825476249914613 0.09349828003928168 -0.10520006716798139 0.44044435978689656 -0.8915950380075941 0.0018429167113962128 -0.8964821491965482 -0.4430760203734041,-47.03444692743045 -49.436610968969845 872.886976869124,0.69
54,1096,12,0.5715956687927246,-0.9947464598060283 -0.030482823833636624 0.09772552458033804 -0.10134784345145775 0.4277768116150171 -0.8981846213737068 -0.014425509734965689 -0.9033702435300921 -0.42861883739899853,-41.84043836604552 -44.86654962581731 871.8631921922123,0.69
54,1106,12,0.48870429396629333,-0.9959379449243411 -0.0354570313617574 0.08276719632132104 -0.09001694269971455 0.41387151021621693 -0.9058737898064743 -0.002135389162905073 -0.9096445305493567 -0.41538207490786605,-35.28944368677686 -28.339914024040418 873.550944092018,0.69
54,1110,12,0.5906563997268677,-0.9951090625909238 -0.05405453390634812 0.08268047480258846 -0.09768127978988644 0.4138407212772651 -0.9050934896414421 0.014707859396388287 -0.9087430686265953 -0.41709676826258923,-25.285137670771256 -15.009177203370276 873.3012783694459,0.69
54,1111,12,0.5956723093986511,-0.9949942420517242 -0.037567412320024064 0.09260209401245986 -0.09983582381518635 0.41438754456009164 -0.9046080760177864 -0.0043893697791621625 -0.909324833293931 -0.41606379437281804,-24.4067227126665 -13.271837355185532 874.8507126857152,0.69
54,1134,12,0.7213256359100342,-0.9912587689934078 0.08629217750814877 0.09979836168282444 -0.05328522461919591 0.4301396095281119 -0.901188438203845 -0.12069274100357294 -0.8986287200039321 -0.42178156177474,-103.18467436519528 -38.6610398029069 905.2393220159767,0.69
54,1178,12,0.8454284071922302,-0.985426718799888 0.1498074852872702 0.08057232296012917 -0.0167867038711971 0.3857155868427917 -0.9224650088971731 -0.16927016408223797 -0.9103742106509967 -0.3775796712392594,-113.8754881842599 -23.712960005016296 957.5151422524219,0.69
54,1355,12,0.6649778485298157,-0.9810769377436768 0.17981423567864022 0.07179751301261814 -0.00014074061492422296 0.37015749349783345 -0.9289690038959755 -0.19361823886083138 -0.9114001704271883 -0.36312767303762805,-76.80825465825319 -9.224390682148425 917.9432302467732,0.69
54,1531,12,0.7400093674659729,-0.9540730867788036 0.293808713111391 0.05848918860946699 0.045935395843326315 0.33641048371451376 -0.9405944534472249 -0.2960312221592215 -0.8947091295760848 -0.33445640816124667,-64.78919959297056 -1.5725605104168086 888.9548392120331,0.69
54,1539,12,0.7147724628448486,-0.9533044460644204 0.29781848488221896 0.0501476138641484 0.04935067283571305 0.3174278319192302 -0.9469974036995663 -0.29795158030201924 -0.9003020168729583 -0.31730290608504164,-62.94857611147248 0.855283072728307 888.1819449341118,0.69
54,1543,12,0.760539174079895,-0.9481672601255258 0.3137973206393615 0.050100782285424916 0.051244689443506575 0.30659081074002237 -0.9504609705682892 -0.31361254539621397 -0.8986285752908894 -0.30677981524339915,-57.96407778572269 3.800966180880536 890.0035889695572,0.69
54,1547,12,0.7758210897445679,-0.9565283156433719 0.287915830352712 0.04645488138788871 0.04653822524762695 0.3079362530017069 -0.9502680977903394 -0.28790237054122286 -0.9067964152551428 -0.3079488371745662,-51.23055839113986 8.739219794906145 893.2176378381421,0.69
54,1550,12,0.7713223695755005,-0.9533504149947774 0.2977757677041826 0.0495235135816377 0.04842540826857851 0.3127978459347085 -0.9485844650913422 -0.2979563156962904 -0.9019351970883447 -0.31262586935489134,-49.75813524475138 10.590617929328609 891.1110778795819,0.69
54,1557,12,0.7818658351898193,-0.950652467473994 0.30609253322272256 0.050668009541565445 0.0495250565899458 0.31092653618995114 -0.9491427489385789 -0.30627953711498646 -0.8997955602236631 -0.3107423288617346,-49.52943895421714 5.745249133826423 889.4724300999047,0.69
54,1559,12,0.7937821745872498,-0.9520566577704892 0.3012851705156039 0.05306002659507429 0.05013879103874322 0.32476944367813 -0.9444632920797776 -0.30178505931881344 -0.8965221996584255 -0.3243049853017359,-47.283154792672825 3.659640819895195 887.4304991113364,0.69
54,1568,12,0.7497673630714417,-0.9453825567621168 0.31810284399094474 0.07115055878063034 0.04323622769795743 0.33872265518792855 -0.939892329725533 -0.32308272931924675 -0.8854815319967506 -0.3339760567889771,-56.45396787283559 2.8439174294045237 877.9549824045328,0.69
54,1573,12,0.7074606418609619,-0.9440866115479722 0.32081058255172473 0.07603315078760531 0.033339206717217684 0.3223260575949055 -0.9460414419520914 -0.3280075718506119 -0.8906101743850384 -0.31499928585715375,-65.56628302971707 1.9959773801097604 875.473383397903,0.69
54,1580,12,0.7896230816841125,-0.9352287643641937 0.3436774761881005 0.08504675576882151 0.030532471599023198 0.317612101213003 -0.9477290337122295 -0.35272500121749073 -0.8837467654956588 -0.3075332957454895,-72.3104668870564 0.7580777973143569 871.6150690658928,0.69
54,1585,12,0.7979832887649536,-0.9377867073212403 0.33615266049737014 0.08693377026292187 0.0324682373342699 0.33418010391673814 -0.9419498244124279 -0.34569047591160534 -0.8805254380122917 -0.3243039436659225,-73.37012107392303 1.3075684531716671 866.5759383587784,0.69
54,1595,12,0.7240462899208069,-0.941001238587821 0.32387006058956563 0.098106334300585 0.020662264657921814 0.34435704515932397 -0.938611365938185 -0.3377717273476172 -0.8812073588565013 -0.3307322949180449,-59.63304161840824 -9.331066808982063 862.7649758827831,0.69
54,1597,12,0.7530369758605957,-0.944905995426558 0.3140482013610626 0.09233843743981691 0.020413866472744818 0.33807029644091646 -0.9408994360291559 -0.32670465846476454 -0.8871765336652183 -0.32585558803124615,-57.723285619388804 -9.81818760062609 863.441180271192,0.69
54,1605,12,0.8536452651023865,-0.9470654045007163 0.30668819423389787 0.09491823384074137 0.02104787288557014 0.3543369429383323 -0.9348809110876689 -0.32034997525345243 -0.8833955412988385 -0.3420353943211789,-46.42875910510858 -13.017504238882237 864.0082550927199,0.69
54,1613,12,0.8140318989753723,-0.9461503351435891 0.3118293699071763 0.08695968819498158 0.025359964574414084 0.3391892380562572 -0.9403762720228538 -0.3227327307610114 -0.8875320303234747 -0.3288319930381345,-42.076476105484176 -7.119409050383711 862.6184692361405,0.69
54,1619,12,0.7989775538444519,-0.9428985422100875 0.32343615983446455 0.07957002959423023 0.03379198612845269 0.33054919596688737 -0.9431836145306697 -0.33136149560802386 -0.8866376258411207 -0.32260390523246096,-39.45918495937863 -2.0023148392838745 864.0418237071254,0.69
54,1625,12,0.7341774702072144,-0.9441437063428801 0.3203874388358679 0.07710091315491927 0.03511911416524255 0.33046359058983954 -0.9431651303534921 -0.32765730511218283 -0.8877757060939796 -0.32325684227245377,-32.923370134436865 -2.1433170569324744 867.0190884109413,0.69
54,1663,12,0.7724369764328003,-0.9380059599684731 0.3326509782696473 0.09740711329194505 0.02634301811034001 0.3486233944107029 -0.936892616187361 -0.3456166437839206 -0.8762448604846742 -0.3357738524866585,-31.6308925008236 -16.849008772531985 856.6212947711631,0.69
54,1844,12,0.8262373208999634,-0.8917134891309 0.4439404855225863 0.08811298778254306 0.05611097014877525 0.3016144435367242 -0.9517774353697378 -0.4491086865458733 -0.8437686725424228 -0.29386359914939764,-29.07142686650893 -23.455688970609064 833.8093192744591,0.69
55,22,12,0.7960618734359741,-0.04746085900904218 0.9983269000566138 0.033028283114258206 0.41031886092328873 0.049632366385802484 -0.9105905010363112 -0.9107062639692003 -0.029665279878963058 -0.4119879512036295,155.89207976271018 -112.42612694390168 1306.9004372406243,0.69
55,42,12,0.6603395342826843,-0.17730182277119555 0.9835441115062531 0.03471374891001472 0.3732802556925912 0.09984382880779652 -0.9223302340046506 -0.9106184241229067 -0.1505728746168289 -0.3848400902680744,196.31407757846858 -107.85210170923544 1331.9441812154482,0.69
55,49,12,0.7609761953353882,-0.193514174013383 0.9810906944563886 -0.0036487952805904778 0.651776018719757 0.1257772917738046 -0.7479091484237043 -0.7333077702286684 -0.14710921835537227 -0.6637910755630347,173.82909723727263 -111.84491456513496 1119.4125505144418,0.69
55,62,12,0.7083315849304199,-0.18715497890599364 0.98214581755611 0.01904224061758275 0.6185371739504582 0.13288184270913417 -0.7744379770644038 -0.7631413881529937 -0.13316158956420443 -0.6323631968676362,177.84765250184327 -129.69224030934214 1162.4565417834954,0.69
55,89,12,0.5911704301834106,-0.1612556690248963 0.9861440635377955 0.038942202768947 0.5556800987711742 0.12333364414626036 -0.8221973242788265 -0.8156078941728013 -0.11094457251604611 -0.5678688799293732,141.76194584388398 -117.34026974218251 1242.9775913574085,0.69
55,100,12,0.6308614015579224,-0.16289829377292553 0.9849184648544218 0.058307490725282074 0.5298950673732112 0.13718515015124444 -0.836893931243094 -0.8322712078760203 -0.10543174174217984 -0.5442506631817738,133.1373864789786 -119.44364778258021 1292.0815609823494,0.69
55,128,12,0.5661693215370178,-0.06976762622452215 0.9974436598237422 0.015447453136828104 0.4492931292943314 0.04524458002175202 -0.8922379794357347 -0.8906560291717014 -0.055308891293122164 -0.4513011901646429,36.22552536937924 -139.86775140166347 1303.3560726230899,0.69
55,205,12,0.5608372092247009,0.09459322114428093 0.9945721591465011 0.043339851917330974 0.5305541288421936 -0.013527858473500576 -0.8475431041626272 -0.8423564796937519 0.10316596965951497 -0.5289540091748637,71.95715623125149 -144.51409907904844 1343.0632774910716,0.69
55,360,12,0.6985580325126648,-0.08036105710679076 0.9964188517305763 0.02629776447911686 0.4627141138129485 0.06065995341411434 -0.8844297704906225 -0.8828577175168018 -0.05890536450712641 -0.46593176394543634,144.88073007145223 -136.29251601884002 1448.731921789026,0.69
55,454,12,0.761840283870697,-0.183615002557592 0.9828806142310367 -0.01520621598542804 0.6636324959811373 0.11253369614058018 -0.7395458589639898 -0.7251740764213938 -0.14588305385396733 -0.672934390178284,157.82250964600325 -93.99321029125915 1318.6821771643802,0.69
55,512,12,0.7514525651931763,-0.014838307703181952 0.9994876351737231 -0.028360038070227023 0.6925346334385843 -0.010185632862361738 -0.7213127160748514 -0.7212320057461341 -0.03034336860060549 -0.6920286654968684,116.84918439511036 -104.92382348370671 1322.1753657193285,0.69
55,513,12,0.7325072884559631,-0.09383491046564929 0.995321604779749 -0.02301983137577479 0.7471314010984395 0.05511682472631074 -0.6623872018123329 -0.6580195126822507 -0.07935388264448462 -0.7488079074359852,114.35287068912359 -103.06793267092162 1256.8715772271644,0.69
55,526,12,0.7762041687965393,-0.048939202929118464 -0.9983253692849219 0.030844958401444356 -0.5655161602751397 0.0022407714215583185 -0.8247341701488418 0.8232839284744509 -0.057805155354523574 -0.5646787911105875,115.64066030373003 -83.64859177544636 1305.4878280204707,0.69
55,530,12,0.8190973401069641,-0.06046829049446267 -0.9977088467028405 0.03034210038157814 -0.6408516764303707 0.015498903352484716 -0.7675082493441061 0.7652795010066985 -0.06585469767418844 -0.6403205791891908,111.45854203158325 -90.24701115823655 1314.7573607240984,0.69
55,546,12,0.8869845867156982,-0.117491041110247 -0.992228551028116 0.040967765175512816 -0.5843146304200862 0.035715048090367074 -0.8107409253373985 0.8029771279033224 -0.11919285995624257 -0.5839698572696912,82.78468824471274 -103.15153289233015 1356.899534840255,0.69
55,562,12,0.78089439868927,-0.18495095438564868 -0.9808853743882421 0.06047335597663289 -0.6207072004720805 0.06888681751068482 -0.7810103569450041 0.7619158193356736 -0.18198485839346168 -0.6215832973637256,88.56380238961451 -93.6939232992732 1316.2736736632285,0.69
55,563,12,0.7865610122680664,-0.057910812552612434 -0.9982531902748515 0.01170067927845525 -0.5729328375346197 0.02363437504050514 -0.8192614845035582 0.817553852332692 -0.05414780164074856 -0.5733007187449259,98.89339293071893 -95.79650353308404 1345.1691169468206,0.69
55,588,12,0.8014463186264038,-0.10264892627006539 -0.9933461612918855 0.05221687258232499 -0.5640333911269473 0.01488528648619547 -0.8256178062154791 0.8193470153905726 -0.1142008410341181 -0.5618083625914281,63.279932790089795 -77.35738722466283 1319.4704593643912,0.69
55,598,12,0.7779046893119812,-0.15070229078042718 -0.9866749258509164 0.06133033711484548 -0.6095342876818624 0.04389752750993303 -0.7915434032437385 0.7783037785426052 -0.15667034746755243 -0.6080276560574367,68.89895823969717 -86.35714844413705 1327.3863064733905,0.69
55,603,12,0.7924151420593262,-0.11635300482887656 -0.9914105073433708 0.0597259089211038 -0.5560436917671732 0.015194794001660572 -0.8310141581713155 0.8229686452795297 -0.12990120924921222 -0.553035518499823,75.15095706562875 -92.93897800397013 1398.309960302502,0.69
55,610,12,0.8372011184692383,-0.06815971452304437 -0.9972178836122583 0.030178567229508624 -0.5840445362400133 0.015358829064183732 -0.8115762971267491 0.8088548899551299 -0.072942436027775 -0.583466509768992,80.08466180270938 -92.24060782045981 1376.7213324483214,0.69
55,612,12,0.8464431762695312,-0.0822391635860602 -0.9952563854001071 0.051975448944472424 -0.6187574935683469 0.010106438847432564 -0.7855170424929309 0.7812655656853713 -0.09676046307318531 -0.6166534915657098,79.074729027434 -90.99212380630888 1347.531892728226,0.69
55,618,12,0.8149195909500122,-0.07205873706555566 -0.9958992053399025 0.05470202204551711 -0.5567543223026916 -0.005341675252289901 -0.830660033408837 0.8275458676168882 -0.09031190015081159 -0.5540862727783125,83.36153207647774 -90.38552264009823 1431.3108838414007,0.69
55,621,12,0.8134359121322632,-0.06512264019617664 -0.9961656283219817 0.05842159432735716 -0.43494598786323974 -0.024355417095365706 -0.9001271028581358 0.8980985632855392 -0.08402889150751514 -0.4316921542215799,71.59242577307414 -63.54891488741002 1334.2098795024797,0.69
55,622,12,0.8101805448532104,-0.15057741387777557 -0.9870701392752393 0.05494526895958246 -0.5861347240667184 0.04438193927058287 -0.8089971129180957 0.7960983153311612 -0.1540220231581902 -0.5852390013568347,68.91556796864425 -63.56246132991718 1300.4229087606718,0.69
55,638,12,0.8283501267433167,-0.14058665947941584 -0.987073739892836 0.07694688551454892 -0.5829479596033504 0.01970777295026238 -0.8122704476217462 0.8002543767894741 -0.15905041873352982 -0.5781832726134333,48.80786127647565 -60.8375893576685 1297.3136280299414,0.69
55,641,12,0.8113484382629395,-0.1467429046376385 -0.9861644563887584 0.077111509477986 -0.6084559089881365 0.028526064522796157 -0.7930748202157613 0.7799025110588693 -0.16329705630630897 -0.6042235882897695,45.9742716313119 -70.94112404872895 1337.1408301284478,0.69
55,649,12,0.7896307706832886,-0.07457129158972897 -0.9947489303300201 0.07009770379920083 -0.4998648677692325 -0.023537464724405543 -0.8657835189724943 0.8628871516256849 -0.09960197468739385 -0.49548482337775446,48.619480456399096 -56.89283773052192 1304.6082773221983,0.69
55,654,12,0.8104104399681091,-0.07790256289682818 -0.9951581754595538 0.059928261364054325 -0.5636904540175034 -0.005613015380432351 -0.8259670490448636 0.8223042397699571 -0.09812593884570814 -0.5605238954603111,53.17655977421932 -59.62376760632087 1337.8989660260925,0.69
55,663,12,0.8768675923347473,-0.09680651876940471 -0.992010682907606 0.08089068500720137 -0.5376842220579049 -0.016268621743118494 -0.8429893292898583 0.837570400189581 -0.1251005073681346 -0.5318135836761795,62.468307048256015 -54.90986133759294 1300.430269592801,0.69
55,793,12,0.7853209376335144,-0.05619664996266249 -0.9974669700216315 0.04360711236529452 -0.6299509638080892 0.00153829099695868 -0.7766333863915895 0.774599070313303 -0.07111453702777037 -0.6284417259325581,145.6231712645949 -56.600787738764915 1310.6132606892306,0.69
55,920,12,0.8558140397071838,-0.062435313033307516 -0.9957486919589816 0.06772277422263667 -0.6099676293170692 -0.01563782028065286 -0.792272017530712 0.7899628617041106 -0.09077445146541674 -0.6063981168254116,138.69865098172806 -74.93889347464719 1196.040249457884,0.69
55,1025,12,0.8603909015655518,-0.19798606416292808 -0.9764849341753066 0.08531524908198213 -0.6070458755453689 0.05381039549727573 -0.7928428257352044 0.7696082272043547 -0.20876210064347023 -0.6034248602388672,72.47608260777933 -82.62170280775604 1187.9692879867857,0.69
55,1038,12,0.8789103627204895,-0.18672443903354474 -0.9797303970596232 0.07254193921450924 -0.607579150831324 0.05714028381877223 -0.7922010877549952 0.7719984192617856 -0.19199827354042426 -0.6059332501313994,83.66106061610616 -87.66169901489391 1185.201574007758,0.69
55,1040,12,0.8557573556900024,-0.23651476625499646 -0.9683065218353496 0.08026982692439544 -0.5910331861917834 0.07780651521113569 -0.802885993781613 0.7711942285594034 -0.2373365247108571 -0.5907036785689077,87.68440776739422 -91.63924568147739 1213.2005145479952,0.69
55,1041,12,0.8429914712905884,-0.22738481561492208 -0.9709220268340762 0.07487698869597947 -0.5966982912513937 0.07815205298945815 -0.7986509912541273 0.7695760487732419 -0.22628007959593505 -0.5971181045091689,88.56696739623705 -89.8876717034074 1206.6830450049447,0.69
55,1042,12,0.8269675970077515,-0.27549604104157055 -0.957263094897542 0.08803010006583506 -0.5394744097205935 0.07816199609096541 -0.8383663063504481 0.7956565167376175 -0.278456584612854 -0.5379522635501277,88.16969141225118 -88.12011711876437 1206.5002589631513,0.69
55,1044,12,0.8158798217773438,-0.20798746497664977 -0.9753391287409747 0.07385660674160016 -0.5749509798767345 0.06082111183162886 -0.8159241160146864 0.7913106754943788 -0.21216591691966208 -0.5734222166486656,89.16977000695873 -86.58837669668564 1188.9128038451327,0.69
55,1046,12,0.8337162733078003,-0.23196064607442013 -0.9690373143984548 0.0846223491529765 -0.5708778406276602 0.06518074162923271 -0.8184436217608171 0.7875866617414479 -0.23815573523241845 -0.5683212964713436,89.87651691568405 -88.70389384541753 1212.4101977977218,0.69
55,1048,12,0.8047788143157959,-0.2127819032360141 -0.9738277781557172 0.07989568290939897 -0.5411860605383787 0.049378361780265 -0.8394518600055919 0.8135364217625479 -0.22185859433476274 -0.5375288407012162,91.06487420130486 -86.81723426864019 1208.9783646383435,0.69
55,1049,12,0.8115203976631165,-0.20433635865022337 -0.9759476778243951 0.07597883049072429 -0.594595012341765 0.06208413187540662 -0.8016248074177679 0.7776267895538731 -0.20897772780477825 -0.5929796669782941,90.2400212720946 -84.8433729117169 1199.4782897556129,0.69
55,1053,12,0.8360806107521057,-0.23380970917442356 -0.9684234430091612 0.08653932589322233 -0.564495801944332 0.06273967181697837 -0.8230481293141508 0.7916296542468559 -0.24128772992131153 -0.5613401125043742,88.5802404511719 -85.32450249721721 1202.1343689326268,0.69
55,1055,12,0.8158166408538818,-0.22004507590339517 -0.9728254831277318 0.07204681775043714 -0.5979077833849383 0.07614689492733362 -0.7979398053491475 0.7707700351845412 -0.21866007813549593 -0.5984156775113769,89.19551549318655 -84.84596232215773 1187.3565108215957,0.69
55,1064,12,0.8281443119049072,-0.2435558570740024 -0.9651791595041337 0.09544492937732568 -0.476404974584123 0.033334636779085436 -0.8785938209333755 0.8448188235808018 -0.2594571102315389 -0.46793499898367275,91.26633157299686 -85.16821741373249 1184.6767409479912,0.69
55,1068,12,0.8481189608573914,-0.2560360712374774 -0.9632960244753668 0.0806616355848998 -0.5640451729648184 0.08110917740210044 -0.8217507798573986 0.7850468604359652 -0.2558946474061314 -0.5641093478648678,91.87656013622153 -89.45265157333812 1191.6045519280913,0.69
55,1088,12,0.8713575005531311,-0.26755691650199154 -0.9598730049190609 0.08400661199928638 -0.5283133362413197 0.07323252650237211 -0.8458853443650891 0.8057904908731005 -0.2707042879042218 -0.5267075785753947,86.55202479185648 -91.13561761474759 1196.3692392592814,0.69
55,1100,12,0.9262230396270752,-0.2769842324848737 -0.9570407509323621 0.08574809624467611 -0.5680025759085684 0.0911021427679084 -0.8179691151530887 0.7750179408994329 -0.2752696871032413 -0.5688354688713488,80.35791218378625 -98.23095253061047 1198.7781503378358,0.69
55,1103,12,0.9211350679397583,-0.27676362752617334 -0.9563914701539431 0.09336621602770995 -0.5118866721784405 0.06450445950271766 -0.8566278127345294 0.8132489958952518 -0.28487634250853777 -0.5074165351605355,79.62387816493367 -97.09512810928476 1198.6718520312781,0.69
55,1115,12,0.8798863291740417,-0.27486456831218953 -0.958215454065013 0.07919982750950283 -0.5784336347256367 0.0989994817216362 -0.8096997176959717 0.7680260407724745 -0.26836960746297 -0.5814754977516499,76.9635858677483 -106.68324946677629 1203.1595331458757,0.69
55,1120,12,0.8659157752990723,-0.3104283868561466 -0.9469162710466595 0.0835690867544947 -0.5392504747755499 0.10301849461730828 -0.8358206238309318 0.7828429868678872 -0.30452711766585444 -0.5426049138350042,74.58707629775519 -104.46046686750653 1205.8859782514942,0.69
55,1132,12,0.7972822189331055,-0.30578994000035564 -0.9485927072509822 0.0816357050856531 -0.526567823116559 0.09706140489674131 -0.8445741005606077 0.7932331562995004 -0.30124899905182 -0.529178798061118,68.39638303879836 -103.42359683888441 1195.044022854841,0.69
55,1136,12,0.8218528628349304,-0.31672259332873853 -0.9447720901401628 0.08421696128041278 -0.5519390416924637 0.11136381342269697 -0.826414784061587 0.7713949008975385 -0.3082268624765576 -0.5567280378399617,67.77746380038415 -104.95428095696178 1194.7091687990908,0.69
55,1147,12,0.9205219745635986,-0.3284604847490631 -0.9407000128119098 0.08483628854495884 -0.5354953484843779 0.1114792323547229 -0.8371482022349428 0.7780478402450621 -0.32039954221139966 -0.5403570038786583,59.75558511735396 -110.63684103241975 1189.388036976851,0.69
55,1151,12,0.9200900197029114,-0.3308286623505281 -0.9403239582459015 0.07964452094225222 -0.5747274795909265 0.13382304075581586 -0.8073287545764295 0.7484922981370097 -0.3128613867380051 -0.5847025160865575,58.91821082219983 -115.39091197574746 1204.308471704635,0.69
55,1161,12,0.8881447911262512,-0.36469621878465386 -0.9265977937513674 0.09172347910581141 -0.5192165450853423 0.12060242507351249 -0.8460905592051176 0.772923571456982 -0.35619037561602673 -0.5250881535558549,51.62834755796979 -109.72683811243171 1181.7772025623867,0.69
55,1164,12,0.8699635863304138,-0.3356790091387132 -0.9383338534894726 0.0827597862445813 -0.5377222178688771 0.1187433915082019 -0.8347184096348337 0.7734173641920821 -0.3246992244658538 -0.5444226248030526,52.4479724846423 -108.15114600214608 1184.0597308667489,0.69
55,1176,12,0.8264502882957458,-0.36523971356603524 -0.9263095370925613 0.09246941724465468 -0.48332016143044776 0.10379570033758379 -0.8692687007745515 0.7956139599008096 -0.3621837849528825 -0.4856143868628253,47.05776096868348 -107.15884909438387 1180.4354458147066,0.69
55,1177,12,0.822617769241333,-0.35755084676628934 -0.9307868865544902 0.07611283594051799 -0.544099831368327 0.1413817850438489 -0.827022710911117 0.7590209255887926 -0.33711565178142294 -0.5569921649739058,47.438368479160374 -109.22727546345584 1185.0722808424644,0.69
55,1189,12,0.920685887336731,-0.37115650823284896 -0.9257343607005369 0.07251716910337352 -0.5458824335628475 0.15435135606283645 -0.8235217226091045 0.7511692320136005 -0.3452412957627342 -0.5626306360092435,39.06456942837178 -111.52019590370334 1182.3171765911336,0.69
55,1347,12,0.8539066910743713,-0.4843863988658126 -0.8675751033218205 0.11261996576958733 -0.4615458928928188 0.14406329167144172 -0.8753405947096022 0.743199303920275 -0.4759823611111254 -0.4702080247757343,24.801260577297626 -108.20555907515852 1163.0921814291155,0.69
55,1520,12,0.9045764207839966,-0.6131775938453519 -0.7876971767308278 0.059551626143271474 -0.38893417748613635 0.23542611366517852 -0.8906765690123959 0.6875634108860125 -0.5693045782134494 -0.4507203714455328,13.736596420639525 -116.82850685191865 1172.3950634487587,0.69
55,1543,12,0.7917261123657227,-0.6381694370518438 -0.7682060760283774 0.05098229463270193 -0.37200435114174424 0.24970241155805706 -0.894014243954592 0.6740567723452846 -0.5894982022153872 -0.44512845027057524,-20.606308368394615 -98.88968950558177 1167.6765156662332,0.69
55,1563,12,0.8178750276565552,-0.6437806998762108 -0.7629668103678935 0.05854960925522429 -0.3924202206624505 0.2634931293961913 -0.8812364842516653 0.6569267698017263 -0.5902990911716237 -0.469035395337948,-17.29699409545754 -101.68942116632427 1169.825405664101,0.69
55,1567,12,0.8181660771369934,-0.6475286342860431 -0.7601404647946479 0.05378793137339427 -0.36757075504332165 0.24972652351649127 -0.895839496499931 0.6675315781418394 -0.5998525962552335 -0.4411104793011853,-18.728486423699 -99.26438761320614 1163.0272870345877,0.69
55,1585,12,0.8755765557289124,-0.6489749433000411 -0.7572860478400495 0.07313935134732275 -0.38010348937379634 0.2394526038104665 -0.8934113206660481 0.6590545200016257 -0.6076020838305165 -0.44324580921903944,-8.095957864951577 -105.65591163265688 1166.095744456082,0.69
55,1592,12,0.8181394934654236,-0.632860977706629 -0.7697708872861433 0.08330524583070192 -0.38153394725925055 0.21642111200671676 -0.8986621998095567 0.6737349849792464 -0.6005120176686558 -0.4306582016524647,1.2087384391770364 -107.00531454436118 1157.0615127723595,0.69
55,1603,12,0.8813025951385498,-0.6090541996445458 -0.7887811314320936 0.08292953992425595 -0.36810474117323083 0.18850665459863858 -0.9104746787790524 0.7025324771290871 -0.5850551836098338 -0.4051648438723836,18.526102428054504 -112.03997290810523 1171.187451476575,0.69
55,1604,12,0.85635906457901,-0.6003380739909776 -0.7947901842043301 0.08889746908236906 -0.3753938371842936 0.18189642109228465 -0.9088416578248768 0.7061682971649575 -0.5789838124561562 -0.4075586841092691,20.51487084431331 -111.1222201307693 1161.7817825097657,0.69
55,1609,12,0.883730411529541,-0.6170830158323606 -0.7819589381706267 0.08802710143078146 -0.36291804217662094 0.18355467341628118 -0.9135634496463455 0.698211319182042 -0.5956911119717235 -0.39705547834523625,31.88054942771356 -113.53227505907907 1182.9756197935662,0.69
55,1612,12,0.8964453935623169,-0.607511506064534 -0.788018907264903 0.0997796161158701 -0.38607209635093176 0.18315834496709515 -0.90410251470069 0.6941744063406539 -0.5877748059094936 -0.4155029134911792,33.531968449270316 -108.86839648762862 1164.4740065422743,0.69
55,1625,12,0.8221981525421143,-0.6182952286805734 -0.7795777463359104 0.09984762194795294 -0.3719148400485883 0.17829349827986163 -0.9109834138022286 0.6923802148693096 -0.6003915105070627 -0.40017455212516584,20.839588163337638 -103.2768179858854 1175.6353630691221,0.69
55,1632,12,0.8214738965034485,-0.6274642566007058 -0.7723511711178137 0.09880422643523562 -0.35990405524027214 0.17515702114559195 -0.9164000703650178 0.690476413579878 -0.6105683306693398 -0.3878770886163876,22.995560346365 -99.77242901525638 1159.370829993997,0.69
55,1643,12,0.8271664977073669,-0.6157126939811179 -0.7792238993940952 0.1170811388891303 -0.36914909773331384 0.15397609370883303 -0.9165262168693535 0.696151436192726 -0.607537222875463 -0.38245483485971965,23.53634044089641 -95.5223627301101 1162.6709649900827,0.69
55,1666,12,0.863556444644928,-0.609131227799355 -0.7824539978737 0.12932474059944526 -0.3508073624993513 0.11958974361363994 -0.928780107258264 0.7112617954986045 -0.6111170382454474 -0.34733647063073225,32.881778253995925 -80.17957454167689 1157.0318853390165,0.69
55,1717,12,0.8272528648376465,-0.6192758376314083 -0.7729763403349157 0.13785867476643793 -0.36318703505193106 0.12633510075824805 -0.9231113800005886 0.6961268666673521 -0.6217290564215607 -0.35897126055584305,27.039168302762306 -72.0218346692655 1156.398228625691,0.69
57,1,12,0.9283019304275513,0.8614497391819954 0.494244541718639 0.11673337074120889 0.38238851528815804 -0.4800118748883584 -0.7895363344025915 -0.3341906196154975 0.7247833696681342 -0.6024995409239033,177.58840105307144 -82.55971288183534 1046.5271498702407,0.69
57,24,12,0.9409196972846985,0.8613122020036039 0.49774130513391596 0.10195530316412697 0.37443040204558403 -0.48619863559140364 -0.7895649186564967 -0.34342854381033233 0.718237063867247 -0.6051382944283656,175.99627934292883 -77.87692633442695 1044.8332884760246,0.69
57,38,12,0.9372214674949646,0.8597666624629318 0.5022360094385196 0.09252176468605891 0.36525409045349844 -0.47812688856992636 -0.7987390862061463 -0.3569183877644003 0.7205231913337093 -0.5945213160400129,178.8354673910439 -73.85486794433824 1053.828874198463,0.69
57,49,12,0.9142845273017883,0.8583252601660736 0.5008196293528605 0.11161293211678307 0.3725750512940037 -0.45875777539590623 -0.8066778382149034 -0.3527967954986449 0.7339761592644973 -0.5803562860150864,164.2343060217282 -60.273997799215465 1052.9222332324896,0.69
57,61,12,0.8895547986030579,0.8504359477859535 0.5168869579158447 0.09791103844771845 0.37207456541785233 -0.4593961427269637 -0.8065455361085967 -0.37191291518650327 0.7223455245130899 -0.5830074842859103,168.47460666481447 -55.299799103720034 1053.8470043807,0.69
57,74,12,0.9010614156723022,0.8493482138068961 0.5167893371080101 0.10740760100895397 0.3721675028712158 -0.44203588538349003 -0.8161468163509786 -0.37429795819592554 0.7331664593287788 -0.5677745867909763,166.7284563193434 -44.11250855576177 1056.5035032366088,0.69
57,81,12,0.9286739826202393,0.8458649101374522 0.524819423308905 0.09527395612583966 0.38038450679225727 -0.46830042773159564 -0.7974975463152321 -0.3739253679420148 0.7108159271598471 -0.595752076710871,152.54825697441078 -63.811318421086604 1041.634479216375,0.69
57,88,12,0.8992341756820679,0.8537171341331 0.5145808968424757 0.07983455074314588 0.3572850250943852 -0.4672900963184776 -0.8086948600838095 -0.3788330314675201 0.718920347804582 -0.5827856104792462,141.66186268356896 -68.40201136630766 1047.23058410574,0.69
57,119,12,0.930681049823761,0.8459987774295704 0.5268839605060622 0.08172735618578683 0.3684288713471158 -0.46687321097259726 -0.8039213715494987 -0.38541696297070593 0.7102272150780925 -0.589093428597582,140.3207559728985 -72.44110586602233 1039.2015992481386,0.69
57,246,12,0.9270970821380615,0.7733717425789175 0.6283648917667581 0.08398637136701995 0.4276860080396994 -0.41935310053933983 -0.8007669171457502 -0.46795387198688165 0.6552103020122569 -0.5930587102720037,143.03709637190596 -87.42057926636167 978.2285619063829,0.69
57,483,12,0.9085413217544556,0.718228295805971 0.6924878680502399 0.06788716894144464 0.39354392784354186 -0.32382570469984584 -0.8603836875680092 -0.5738216551866335 0.6446684927766225 -0.5051051796012296,154.4223351463773 -25.85787559492409 929.2149923698147,0.69
57,518,12,0.9098144769668579,0.715979315716174 0.695213566534373 0.06365309397944519 0.380268908954688 -0.31190740462543265 -0.8706947385979991 -0.5854649232439211 0.6476047157382223 -0.4876873545670486,138.4092103181333 -18.664524428388788 916.6841131349709,0.69
57,526,12,0.8730871081352234,0.7221376686106491 0.689077949951982 0.060735216008097004 0.3726757271356881 -0.3135764328935575 -0.8733742743736153 -0.5827778221393318 0.6533310031092405 -0.4832479802325216,130.698372533663 -16.97365428614055 914.2084444820615,0.69
57,528,12,0.8453433513641357,0.724464772950969 0.6864100741035346 0.06318229912151863 0.3710591062476545 -0.311093863502264 -0.8749489972346541 -0.5809181804899833 0.6573140940679844 -0.4800752538048514,129.20389166348457 -15.515667302017189 914.0898308809608,0.69
57,537,12,0.8574962615966797,0.7116213483331397 0.6999915728962709 0.060057093425579966 0.3792977851491801 -0.31082715438017794 -0.8715042571788435 -0.5913782603185973 0.6429605570904998 -0.48669649192122155,126.40201888410996 -19.951679772144104 905.3400976525288,0.69
57,541,12,0.8536853790283203,0.7151808207986676 0.6970414210623154 0.05147475969028115 0.3793780256636309 -0.32528578857339285 -0.8661763500556638 -0.5870167861358904 0.6390011056920124 -0.49708035539445383,129.86455314060714 -23.972956455640762 902.9141009278547,0.69
57,553,12,0.8972964882850647,0.7036738297788068 0.7090457611555935 0.045795740759505765 0.38787387695602005 -0.32933364098037865 -0.8608677067318261 -0.5953125203282164 0.6235330476453452 -0.5067637927423139,132.75475655705566 -34.91298197737851 898.3370211079186,0.69
57,554,12,0.8877018690109253,0.7075679546410436 0.7049516078566825 0.048896013593832 0.3873837089441404 -0.3290891694072622 -0.8611818510764843 -0.5910003820724413 0.6282862000387376 -0.5059397189696733,131.74564881037995 -35.267849903253776 897.1780941393453,0.69
57,565,12,0.868618369102478,0.7102812962803586 0.7021503567513312 0.049853351625259223 0.38473092052164204 -0.32792554344377267 -0.862813396251864 -0.5894765465638674 0.6320203433997078 -0.503058333178223,129.46353742527378 -34.56720783083965 889.6163270839837,0.69
57,574,12,0.8850024342536926,0.7017603561279369 0.7105014264860865 0.052154822676600654 0.40048620368296195 -0.3328932063450434 -0.8536936885258822 -0.5891885973326372 0.619975673821605 -0.5181572740420104,134.96628627292907 -38.70916827315005 881.9725839283894,0.69
57,575,12,0.8923580050468445,0.6937228564592253 0.7184428954802609 0.05087636347059549 0.40442955043769935 -0.33011518257093253 -0.8529130699953664 -0.5959742755847885 0.6122611960349107 -0.5195679846479071,134.99676919785222 -39.021006885039355 878.3175718205945,0.69
57,584,12,0.8817732334136963,0.6927897719330234 0.7186762802466844 0.05955448023262966 0.4096386416077744 -0.3242240525410476 -0.8526868986067497 -0.5934968535777817 0.6151285784001985 -0.5190166826110929,132.771528595527 -36.27952400603291 867.523804342924,0.69
57,592,12,0.8316974639892578,0.6905670085998978 0.7210525245996359 0.05657263827929743 0.4102448680658556 -0.32607796352089724 -0.8516879181552911 -0.5956646328757629 0.6113562124282018 -0.5209867816619023,130.86994796253455 -23.65382667893306 860.219887705114,0.69
57,597,12,0.8461125493049622,0.6838614571159616 0.7269914751212172 0.06178108587836911 0.4126732413853469 -0.3155765811347304 -0.8544660422063748 -0.6016928646043138 0.6098317936450932 -0.5158205891042575,133.1763768024821 -23.396016483580077 864.6032784456336,0.69
57,606,12,0.8403481245040894,0.6944841032726908 0.7174177006407007 0.054805776236967196 0.41717873733718214 -0.3394391832033514 -0.8430557170317964 -0.5862198661042466 0.6083525981810646 -0.5350265272592263,133.53435861803257 -27.438087528981548 855.5305664337085,0.69
57,610,12,0.8564054369926453,0.687500103752793 0.7240872519049211 0.05514761072501978 0.41975908347513236 -0.3342814064652926 -0.8438354419741464 -0.5925756653626739 0.6032856644412873 -0.5337607028431552,137.38987115294867 -30.542036687573443 850.2866915683796,0.69
57,613,12,0.8485044240951538,0.6844991680507934 0.7265929545715635 0.059359643738297496 0.42436456591865346 -0.3309219973316344 -0.8428554721153055 -0.5927694358942983 0.6021239988980739 -0.534856135629524,137.13919064982665 -28.934230056347253 844.3858937614535,0.69
57,621,12,0.7984446287155151,0.6806469730620428 0.7300626897720188 0.061058718168036874 0.4291697192858212 -0.3297951421170884 -0.8408617700217433 -0.5937449369128197 0.5985345714650196 -0.5377948648430715,142.1331114256135 -26.845676344305865 835.4995510074008,0.69
57,790,12,0.9348395466804504,0.577528854173781 0.8152742186155684 0.042289136400429195 0.4549336943050266 -0.27839134354875017 -0.8458921879430632 -0.6778611630582625 0.5077658991089264 -0.5316747457980335,176.52424932423884 -18.158861200226877 729.9505913811718,0.69
57,844,12,0.8596383929252625,0.512780191618015 0.8575488201507905 0.04082274050304602 0.43804474716992703 -0.22044629966032714 -0.8715045774078896 -0.7383585000262586 0.46477247124163523 -0.48868525189012724,132.02053691095307 -1.0227588830089225 731.1443711006,0.69
57,978,12,0.9002391695976257,0.3149479680120252 0.9489092849118614 0.019466547027045922 0.5040843445867784 -0.1498594271174818 -0.8505534231584388 -0.8041807949631816 0.2776928539089187 -0.5255282370152012,172.81107012098 -13.811854097032931 702.798067743524,0.69
57,1026,12,0.8470616936683655,0.31588278122697033 0.9486562472786209 -0.01641319662827545 0.4738756445226933 -0.172730326555945 -0.8634848625286252 -0.8219853660817303 0.2649821857920286 -0.5041076265643707,148.62260995393737 -5.376104487186142 699.6791920086,0.69
57,1028,12,0.8459922075271606,0.31472708287876605 0.9490209195595737 -0.017497358112690875 0.4696349160742107 -0.17171334352561463 -0.8660009083478051 -0.8248575082440552 0.26433656934589234 -0.4997361996092069,149.43006268512744 -5.758487278850634 703.1209575791808,0.69
57,1035,12,0.9185638427734375,0.31628387781496525 0.9485218271377625 -0.0164575841960104 0.46775462185636124 -0.17101823382995418 -0.8671553363900241 -0.8253303110672361 0.2665691413891035 -0.4977657787481333,139.56194548280595 -9.3535919342653 703.3674439332492,0.69
57,1040,12,0.9050728678703308,0.33119103731439503 0.9432609822373396 -0.023900129524013713 0.46260151143799655 -0.18439767939189955 -0.8671778003674702 -0.8223821121704293 0.27614527919834525 -0.49742481477965317,134.25675148671667 -12.437788881251961 702.8672660318564,0.69
57,1046,12,0.9260043501853943,0.3178254053008962 0.947282940354413 -0.040522125546654575 0.4724312081725189 -0.19527210025985675 -0.8594635305844912 -0.8220679809419505 0.25401542821963063 -0.5095884584018977,136.06260741508734 -14.885407973312049 694.7931914357159,0.69
57,1054,12,0.9111577272415161,0.30562527250526916 0.9514829237751079 -0.035685271057567025 0.46934329111947964 -0.1831546670316433 -0.8638120414914713 -0.8284383307689326 0.24725414801151457 -0.5025488219107519,140.1169993423954 -14.238073596895147 692.710013869408,0.69
57,1057,12,0.9110544323921204,0.31168535814416054 0.9492181842449183 -0.04286112711218615 0.4723304138944542 -0.19391911577069365 -0.859825189587399 -0.8244732970987236 0.2477503082490376 -0.5087863668905321,139.40142986021903 -15.378802759918766 688.6604720853297,0.69
57,1066,12,0.9077780246734619,0.2788665748995447 0.9592594239328797 -0.0453298025558988 0.48623328347244843 -0.18174281862284136 -0.85472027115462 -0.8281368410156612 0.21631205577818674 -0.5171058567427145,154.13233916942102 -13.16170292817877 678.5633965139388,0.69
57,1071,12,0.9115657806396484,0.24944955211744724 0.9679136935446748 -0.030298560974251876 0.480011798000763 -0.15076041051128275 -0.8642106065089368 -0.8410491036369279 0.20103328199871529 -0.5022171092270207,157.31104520681845 -7.961860079841365 683.4231628492913,0.69
57,1073,12,0.9121743440628052,0.24344909582111518 0.9693293447256324 -0.03366243006168429 0.48106135486705925 -0.15081090147370957 -0.8636179970624491 -0.8422069286092051 0.19405332630610417 -0.5030216654898534,155.3662963798214 -5.224887693319026 679.7101192770546,0.69
57,1076,12,0.912530243396759,0.23279243752870027 0.9719872302671763 -0.032380630429160395 0.47780666578009223 -0.14330843598739396 -0.8666968802937732 -0.8470587176610356 0.1862887983008933 -0.4977830978067175,155.73439519492769 -1.091440985628072 686.7352939424359,0.69
57,1078,12,0.88826984167099,0.24147445340199203 0.9700005399949752 -0.028089869413470914 0.4725457031733626 -0.14282080556410026 -0.869656700031923 -0.8475792864190357 0.19672612919355237 -0.4928571632084904,152.5531727756023 1.2442092549065187 688.1758867656484,0.69
57,1081,12,0.8587371706962585,0.23601482813661567 0.9713773268159258 -0.026890330001505647 0.47044326684688015 -0.1384288415018562 -0.8715047839908219 -0.8502823846100064 0.19303767712133318 -0.48964918220448506,147.60119921644056 3.033654927932396 692.8366773224976,0.69
57,1082,12,0.8861979246139526,0.23346322472889403 0.9721192585442249 -0.021887664713544253 0.4595275668492547 -0.13014122182151855 -0.8785770755536513 -0.8569301826898093 0.1950574519218094 -0.4770987868827392,145.6086629770169 3.474258755122074 694.5345474342747,0.69
57,1083,12,0.9119181632995605,0.24288217824931313 0.9698166967770565 -0.021536530391589148 0.46740702257838834 -0.13645451620084104 -0.8734476745935047 -0.850022895417103 0.20207854824506605 -0.48644150481418835,142.2396157636761 3.4916158619760562 692.821488838131,0.69
57,1086,12,0.9397178888320923,0.2413017127358449 0.9702450575746449 -0.019950230142087244 0.4629419427775728 -0.13315365495558895 -0.8763303382796324 -0.8529116255791538 0.20222421324842005 -0.48129733692176524,137.03300854592132 4.380374329176522 695.3557656581042,0.69
57,1087,12,0.9375835657119751,0.23375886313706573 0.9720264853004781 -0.022832121654949356 0.46756065805933184 -0.13296911834508807 -0.8739028805317299 -0.8524927125436272 0.19360714201942542 -0.4855640530548766,135.96373362931604 4.014925447781742 695.6984168876022,0.69
57,1092,12,0.9250120520591736,0.22491284496112152 0.9740858523893332 -0.02389486025154508 0.46582950125200034 -0.12903275874230724 -0.8754161427199425 -0.8558136993147559 0.18576140435057004 -0.48277905165706714,133.98643153775666 4.809470369925396 697.8255239761952,0.69
57,1093,12,0.9245718121528625,0.24269778929597696 0.9698017670527046 -0.024131218209980265 0.4623060807287059 -0.13749151773405588 -0.8759961017450075 -0.8528604052200508 0.20144630841154193 -0.4817141414109134,133.1218611107971 5.104793066467444 696.6559990845697,0.69
57,1099,12,0.9311168193817139,0.20902296094516137 0.9774935603957505 -0.028561183143506474 0.46091102685631424 -0.12423397914069723 -0.8787075416480314 -0.8624792328630155 0.17050588790921045 -0.4765053148374281,137.05365967372794 10.009315391404959 697.7827598721585,0.69
57,1101,12,0.9199992418289185,0.19871414535887344 0.9795897201965162 -0.030276534141204903 0.46407511613722546 -0.1212595822368292 -0.8774567797321817 -0.8632189612239256 0.16031248797601744 -0.47869920741779604,139.39276203794404 11.278765431230564 696.0455308995033,0.69
57,1108,12,0.9042971134185791,0.18881654304647455 0.9818453356617738 -0.018112148166303632 0.4630680214241257 -0.10528587614430207 -0.8800470963640938 -0.8659770901163175 0.15778029383844516 -0.4745408920945906,140.63071582172012 17.083490724011245 696.0807803836121,0.69
57,1116,12,0.9121275544166565,0.1917404078335302 0.9813704007985296 -0.012155346163944425 0.45530388925171744 -0.09991551966352885 -0.8847119629363147 -0.8694446413867254 0.1641006562049674 -0.4659796027692713,140.60065604189418 19.77138249971965 699.6046084185649,0.69
57,1118,12,0.8970089554786682,0.17973624685903944 0.9836392946358996 -0.012190964408782923 0.45759352728397906 -0.09457165130404244 -0.8841178465325948 -0.8708059745734595 0.15332951711205645 -0.4671049280722168,141.90826298485027 19.28504829561774 697.061472381063,0.69
57,1159,12,0.9274904727935791,0.0972573993979553 0.9952294488575639 0.007703401133043353 0.4538840944901028 -0.037464182939560775 -0.8902728030022995 -0.8857371094355517 0.09008206882249736 -0.45536248620787045,139.78326897496788 33.21396676076043 698.7988290275351,0.69
57,1290,12,0.82551509141922,0.012179183198435917 0.9997410328853296 0.01922328437060733 0.49509644753065046 0.010673553767725497 -0.8687724574895876 -0.8687526547522884 0.02009831871928025 -0.49483823866543464,103.44364630021556 16.107768774082153 695.0491220531549,0.69
57,1440,12,0.8874189853668213,-0.1326980633587833 0.991156266396516 -0.0006925054129937602 0.49245626424983346 0.06532469362198323 -0.8678821994973122 -0.8601616428218168 -0.1155073157255101 -0.4967695725705843,67.85350711733953 -1.646867880928566 701.425058917759,0.69
57,1527,12,0.9269013404846191,-0.3465598969245278 0.9380238479535883 0.0027383414695680286 0.4355357650575004 0.1634960644917417 -0.8851992059708876 -0.830785673443782 -0.3055818999320078 -0.46520411351847035,89.6890218426834 27.668896625689552 707.4064427147248,0.69
57,1538,12,0.8435460925102234,-0.3567718934954289 0.9341121286913053 -0.012179780108231952 0.4644885940246922 0.16606320410664177 -0.8698697363759706 -0.8105332578202151 -0.3160024418792271 -0.49313111308628144,82.12884935224447 18.839540935090472 695.7632879602206,0.69
57,1539,12,0.8425707221031189,-0.3649595415768372 0.9309030636346667 -0.014967268542274259 0.459553933026906 0.16613981952390433 -0.8724722018540572 -0.8097003863476459 -0.3252953219524625 -0.48843447653120986,82.83783727283846 19.263290974333543 700.6504374530184,0.69
57,1549,12,0.8478835821151733,-0.38800668102465674 0.9215581857524975 -0.013465725112163707 0.45204374983385015 0.17755252503181962 -0.8741461829070565 -0.8031856969072485 -0.3452616560340736 -0.4854761839227826,83.65731524994396 17.044245036006934 704.1227976304344,0.69
57,1560,12,0.8799689412117004,-0.39128902688002287 0.9202642393344934 -0.00257434368158882 0.4478279675476008 0.18796757392101027 -0.8741386060782549 -0.8039546062592525 -0.3431937076293149 -0.4856697129924561,86.70772421152135 14.30988307306349 710.3225877922614,0.69
57,1563,12,0.9022229313850403,-0.41112369977278407 0.9115793704637429 -0.0005956761405609967 0.4361376223739479 0.19612484388497964 -0.8782476985230832 -0.8004756572408296 -0.36132823990939134 -0.4782056306745499,90.42204115020098 16.314131984119467 713.6040477686829,0.69
57,1566,12,0.908056914806366,-0.40699218155841077 0.9134286256310284 -0.0023473449121058643 0.4352656140342885 0.19167872520343154 -0.8796607934560581 -0.8030574135077017 -0.35903678388460164 -0.47559581414066576,92.44188587082625 18.75792432381748 721.4249389225628,0.69
57,1570,12,0.9068812727928162,-0.43249634033692685 0.9016199497685641 -0.005327454785998553 0.4347639561558191 0.2033674443821769 -0.8772810182565236 -0.7898906367484715 -0.38173701516200137 -0.47994753174935667,95.61375317395192 19.669047925343197 717.2774842635579,0.69
57,1585,12,0.8803414702415466,-0.4451084625764914 0.8954069073449157 0.011177066780046097 0.41775750410775514 0.21867588441492936 -0.8818500583075375 -0.792058788414377 -0.38784962015497965 -0.47139744148773977,99.98416971518706 19.795710572500283 725.9563887891035,0.69
57,1589,12,0.910855233669281,-0.4465787590753254 0.8947427407421363 -0.0016851801068055727 0.4374945830695133 0.21671604148057522 -0.8727156737161436 -0.7804908082274735 -0.39047353976196597 -0.48822588319156646,93.56268491721052 18.079507312161432 719.5831193904149,0.69
57,1593,12,0.8483151197433472,-0.44613498772493543 0.8949590547056844 -0.003444289183496596 0.4289795725658435 0.2104645415734443 -0.8784538707647124 -0.7854553450380856 -0.3933865365522665 -0.47781474842297866,87.42795168509164 18.16598504614747 725.4803402830452,0.69
57,1602,12,0.8071596622467041,-0.4480723068028918 0.8939970889396456 0.0006425292016091211 0.42601863159455333 0.21415275131059175 -0.8790032563309468 -0.7859639517246575 -0.39358328734023174 -0.47681533376750496,84.73871266272093 13.75841245295434 729.9098516181192,0.69
57,1612,12,0.886762797832489,-0.47523367384215964 0.8796753112501637 0.01800838758500478 0.41902958919354794 0.24427788718851362 -0.8744955787258176 -0.7736712212734623 -0.408043699384813 -0.4846990620638607,100.60122105251587 3.659620819092725 725.7949938787191,0.69
57,1621,12,0.8436124920845032,-0.5177976981242991 0.8552040586144087 0.022617735223052715 0.40323827045522104 0.2672936395793095 -0.8751874127755312 -0.7545094042206892 -0.44404969132957284 -0.4832550367793922,130.60605863466358 0.11315639219803764 727.7328826083466,0.69
57,1628,12,0.9189369082450867,-0.5439829504976186 0.8388318946066797 0.021061865028383475 0.4013099887886029 0.2821295739998625 -0.8714087424240978 -0.7369076213925305 -0.46557916197487226 -0.4901052963072108,150.09333974953162 -2.5672051313346316 725.7787152106905,0.69
57,1712,12,0.8361841440200806,-0.5737229736955247 0.8190130736312878 -0.007715871629003224 0.43271942431295896 0.2950968816853228 -0.8518636805509788 -0.6954105616657156 -0.49207257151829686 -0.5237067262152979,131.39116160144022 -34.13086569693718 688.9266838563234,0.69
57,1827,12,0.9032512307167053,-0.6219454714481554 0.7801430100619924 -0.06753306150728372 0.4304536786978037 0.2685705217974186 -0.8617305294098561 -0.6541356595085308 -0.5650192551346165 -0.5028516483879351,81.42506723879241 -11.447314934168384 668.7349561937624,0.69
